python contents,Broad Match #3,USD,24.06,0%
pyspark training with lab access,Broad Match #3,USD,59.94,0%
online hadoop training institutes in hyderabad,Broad Match #3,USD,28.45,0%
coursera data analytics,Broad Match #3,USD,24.64,0%
ameerpet python training cost,Broad Match #3,USD,34.86,0%
python course in hyderabad fees,Broad Match #3,USD,12.56,0%
learning python,Broad Match #3,USD,34.98,0%
coursera python specialization,Broad Match #3,USD,29.46,0%
hadoop training catalog,Broad Match #3,USD,29.35,0%
hadoop is supporting horizontal scalability true or false,Broad Match #3,USD,24.39,0%
bid data quiz on coursera week 1,Broad Match #3,USD,24.7,0%
best data engineering courses,Broad Match #3,USD,28.2,0%
best hadoop training in hyderabad,Broad Match #3,USD,24.83,0%
case study and solution bigdata using pyspark,Broad Match #3,USD,34.98,0%
python training center in kolkata,Broad Match #3,USD,33.09,0%
data analytics career opportunities,Broad Match #3,USD,21.7,0%
python classes near me,Broad Match #3,USD,29.75,0%
b tech comp sc python,Broad Match #3,USD,29.3,0%
python course in delhi,Broad Match #3,USD,98.74,0%
udemy certification courses for python,Broad Match #3,USD,24.95,0%
python course in thane,Broad Match #3,USD,29.84,0%
online data mining certification programs,Broad Match #3,USD,24.99,0%
congitive classes,Broad Match #3,USD,29.36,0%
online python queries helper,Broad Match #3,USD,25.76,0%
training in chennai,Broad Match #3,USD,26.67,0%
nlp assessment task of python artificial intelligence and coursera,Broad Match #3,USD,28.15,0%
rdd sum in pyspark using scala,Broad Match #3,USD,19.98,0%
best hadoop courses,Broad Match #3,USD,28.38,0%
hyderabad training center,Broad Match #3,USD,21.5,0%
apache hadoop institute in delhi,Broad Match #3,USD,34.75,0%
data analysis iit course time,Broad Match #3,USD,29.09,0%
hadoop classes in pune,Broad Match #3,USD,29.58,0%
hadoop the definitive guide,Broad Match #3,USD,34.02,0%
edureka python architect masters program review,Broad Match #3,USD,39.64,0%
bigdata for beginners,Broad Match #3,USD,18.2,0%
institutes of python in delhi which has international value,Broad Match #3,USD,22.73,0%
python coaching institute in bangalore,Broad Match #3,USD,34.79,0%
_ * in pyspark scala,Broad Match #3,USD,20,0%
best python training in hyderabad,Broad Match #3,USD,21.5,0%
edureka certification python,Broad Match #3,USD,29.97,0%
hadoop course fees,Broad Match #3,USD,29.93,0%
bigdata vourse fee sla institute,Broad Match #3,USD,29.78,0%
online python certification programs,Broad Match #3,USD,25,0%
learn python from scratch in chennai with fees structure,Broad Match #3,USD,17.37,0%
python online paid courses under 3000,Broad Match #3,USD,34.09,0%
select the types of python analytics,Broad Match #3,USD,33.65,0%
python course fee,Broad Match #3,USD,29.63,0%
unacademy data analytics,Broad Match #3,USD,30,0%
python hadoop,Broad Match #3,USD,574.63,0%
python concepts,Broad Match #3,USD,18.72,0%
charging section and rcm courses data,Broad Match #3,USD,34.94,0%
leanr python,Broad Match #3,USD,17.9,0%
python pgp,Broad Match #3,USD,24.82,0%
python course,Broad Match #3,USD,289.49,0%
Google training,Broad Match #3,USD,53.7,0%
inceptez,Broad Match #3,USD,55.5,0%
acadgild reviews hyderabad,Broad Match #3,USD,23.75,0%
cloudxlab courses,Broad Match #3,USD,79.66,0%
python ecosystems,Broad Match #3,USD,24.66,0%
apache pyspark tutorial,Broad Match #3,USD,40.66,0%
contentsbto learn hadoop and pyspark,Broad Match #3,USD,24.66,0%
Google certified professional,Broad Match #3,USD,69.54,0%
python beginner to advance course,Broad Match #3,USD,29.26,0%
bigdata online class hyderabad,Broad Match #3,USD,29.63,0%
bigdatauniversity,Broad Match #3,USD,24.48,0%
iNeuron course discount,Broad Match #3,USD,16.68,0%
hive course online,Broad Match #3,USD,24.98,0%
python banking finance analytical course from nsdc,Broad Match #3,USD,24.9,0%
pyspark training and placement online in hyderabad,Broad Match #3,USD,24.76,0%
python training content,Broad Match #3,USD,24.96,0%
python coarse,Broad Match #3,USD,29.58,0%
b data courses,Broad Match #3,USD,13.05,0%
python hadoop training kundalahalli bangalore,Broad Match #3,USD,24.43,0%
motivation behind python learning,Broad Match #3,USD,16.78,0%
python last year question paper,Broad Match #3,USD,23.38,0%
Google python certification,Broad Match #3,USD,34.99,0%
course content of python,Broad Match #3,USD,29.91,0%
online python calculator,Broad Match #3,USD,24.83,0%
pg diploma in python analytics jnu,Broad Match #3,USD,24.31,0%
python online preparation,Broad Match #3,USD,35,0%
where to learn python,Broad Match #3,USD,31.57,0%
Google training partner india,Broad Match #3,USD,24.45,0%
india best python analytics institute,Broad Match #3,USD,24.82,0%
data engineer course in bangalore,Broad Match #3,USD,14.47,0%
python analytics tutorial,Broad Match #3,USD,74.25,0%
computer data course,Broad Match #3,USD,23.88,0%
pyspark interview questions,Broad Match #3,USD,19.94,0%
python edureka blog,Broad Match #3,USD,28.16,0%
pyspark assignments,Broad Match #3,USD,23,0%
use python to collect google search by location online course,Broad Match #3,USD,29.98,0%
1ywar pg diploma in python in south delhi,Broad Match #3,USD,24.7,0%
python online training,Broad Match #3,USD,29.86,0%
hadoop per bharti college,Broad Match #3,USD,28.93,0%
pyspark scala training with placement,Broad Match #3,USD,24.31,0%
msc python in bharathiar university,Broad Match #3,USD,34.58,0%
cloudxlab review,Broad Match #3,USD,75.7,0%
hadoop training institutes in hyderabad kphb,Broad Match #3,USD,34.58,0%
hadoop oder,Broad Match #3,USD,9.18,0%
best full stack developer course in india,Broad Match #3,USD,24.77,0%
data related courses,Broad Match #3,USD,29.93,0%
who can do python,Broad Match #3,USD,29.7,0%
python courses in chennai,Broad Match #3,USD,29.76,0%
python specialization,Broad Match #3,USD,34.63,0%
study python in new zealand,Broad Match #3,USD,25.91,0%
hadoop sql tutorial,Broad Match #3,USD,30,0%
hadoop full course,Broad Match #3,USD,29.22,0%
cca175 certification,Broad Match #3,USD,29.75,0%
hadoop in tamil,Broad Match #3,USD,14.81,0%
udacity course fee,Broad Match #3,USD,34.96,0%
4 weeks kafka training in jaipur april 20 2020 may 13 2020 jaipur 21 april,Broad Match #3,USD,26.24,0%
apache ignite online training,Broad Match #3,USD,29.94,0%
python pyspark tutorial with project,Broad Match #3,USD,11.55,0%
hadoop learning app,Broad Match #3,USD,29.76,0%
top data analyst colleges in india,Broad Match #3,USD,17.73,0%
1 1 python training,Broad Match #3,USD,24.42,0%
bihar sharif bigdata cochig live,Broad Match #3,USD,10,0%
python tutor in bangalore,Broad Match #3,USD,31.88,0%
python training providers,Broad Match #3,USD,22.95,0%
hadoop classes in delhi,Broad Match #3,USD,22.84,0%
java training institute in chennai,Broad Match #3,USD,24.85,0%
ivy pro school,Broad Match #3,USD,29.95,0%
python with python,Broad Match #3,USD,44.16,0%
best app for data analyst course,Broad Match #3,USD,24.21,0%
python courses in vancouver,Broad Match #3,USD,34.46,0%
subject required for python,Broad Match #3,USD,34.97,0%
trainer for python from mumbai,Broad Match #3,USD,8.88,0%
online certified for python developer,Broad Match #3,USD,34.77,0%
learn hadoop,Broad Match #3,USD,24.8,0%
great online training,Broad Match #3,USD,24.82,0%
axtria fre courses,Broad Match #3,USD,29.99,0%
kelly training institute in hyderabad,Broad Match #3,USD,29.63,0%
hadoop architecture,Broad Match #3,USD,26.59,0%
types of python,Broad Match #3,USD,34.95,0%
iit python course,Broad Match #3,USD,32.98,0%
learn python,Broad Match #3,USD,64.92,0%
npntraining,Broad Match #3,USD,31.4,0%
data flair training,Broad Match #3,USD,71.1,0%
red hat python certification,Broad Match #3,USD,34.68,0%
hadoop coursera,Broad Match #3,USD,42.09,0%
python syllabus,Broad Match #3,USD,59.54,0%
python pyspark training in bangalore,Broad Match #3,USD,8.9,0%
scd python,Broad Match #3,USD,24.82,0%
cognative classes,Broad Match #3,USD,34.59,0%
ca coursedata,Broad Match #3,USD,34.96,0%
python courses Google online,Broad Match #3,USD,24.98,0%
python training in btm layout,Broad Match #3,USD,4.08,0%
is iit degree important for python engineering,Broad Match #3,USD,26.83,0%
data engineer training bangalore,Broad Match #3,USD,56.92,0%
bigdata courses affiliations,Broad Match #3,USD,30,0%
dataflair,Broad Match #3,USD,332.55,0%
hue hadoop tutorial,Broad Match #3,USD,19.21,0%
birla institute of technology python,Broad Match #3,USD,29.83,0%
you need to import a portion of a relational database every day as files to hdfs and generate java classes to interact with your,Broad Match #3,USD,47.87,0%
gemology course in bangalore,Broad Match #3,USD,10.37,0%
data e learning,Broad Match #3,USD,19.95,0%
great learning python,Broad Match #3,USD,10.66,0%
python,Broad Match #3,USD,163.31,0%
could hadoop certification cost,Broad Match #3,USD,34.56,0%
top most python hadoop online training institution in india,Broad Match #3,USD,34.92,0%
deta anyaless course in kolhapur,Broad Match #3,USD,24.54,0%
learnbay python,Broad Match #3,USD,29.81,0%
python course in europe,Broad Match #3,USD,34.59,0%
pyspark scala,Broad Match #3,USD,8.98,0%
hadoop by sathish yellanki,Broad Match #3,USD,24.39,0%
hadoop python,Broad Match #3,USD,29.99,0%
a big driver of python projects in banks continuous to be,Broad Match #3,USD,23.91,0%
python engineer training colleges,Broad Match #3,USD,23.14,0%
python online course center in bangalore,Broad Match #3,USD,7.86,0%
eureka python,Broad Match #3,USD,27.04,0%
best data analytics courses in bangalore,Broad Match #3,USD,78.67,0%
excelr python,Broad Match #3,USD,24.92,0%
hadoop cluster setup,Broad Match #3,USD,42.72,0%
best python training in india,Broad Match #3,USD,24.92,0%
python engineering using python,Broad Match #3,USD,22.35,0%
data analytics courses in trivandrum,Broad Match #3,USD,29.83,0%
hadoop training in pune,Broad Match #3,USD,20.82,0%
bangalore kr puram hadoop institute,Broad Match #3,USD,27.92,0%
best python hadoop tutorial,Broad Match #3,USD,24.91,0%
distance education in data analytics,Broad Match #3,USD,23.9,0%
algorithm python,Broad Match #3,USD,16.44,0%
data training ke liye laptop,Broad Match #3,USD,21.3,0%
apache pyspark and scala,Broad Match #3,USD,24.49,0%
python hadoop training,Broad Match #3,USD,28.02,0%
online upgrad bigdata course,Broad Match #3,USD,24.57,0%
data strategy course online,Broad Match #3,USD,34.85,0%
iNeuron review,Broad Match #3,USD,18.45,0%
data analyst course in hindi,Broad Match #3,USD,23.79,0%
python training in kharadi pune,Broad Match #3,USD,22.71,0%
msc python uk,Broad Match #3,USD,34.99,0%
intelipatt trainin fees courses,Broad Match #3,USD,67.12,0%
hive and impala training in hyderabad,Broad Match #3,USD,24.17,0%
python training institute in btm layout,Broad Match #3,USD,29.94,0%
python course in patna iit,Broad Match #3,USD,34.2,0%
www acadgild com,Broad Match #3,USD,10.21,0%
online python technology course by iit,Broad Match #3,USD,34.54,0%
technogeeks pune reviews,Broad Match #3,USD,29.67,0%
python java,Broad Match #3,USD,15.59,0%
sqoop certification,Broad Match #3,USD,24.36,0%
python classroom training and placement in hyderabad,Broad Match #3,USD,21.44,0%
largest players in analytics coaching in bangalore,Broad Match #3,USD,24.87,0%
python tutorials for beginners,Broad Match #3,USD,28.02,0%
from where we start to learn python,Broad Match #3,USD,24.92,0%
nit rourkela python course,Broad Match #3,USD,26.43,0%
hortonworks python courses,Broad Match #3,USD,24.65,0%
python course content,Broad Match #3,USD,34.08,0%
python apache pyspark tutorial,Broad Match #3,USD,34.6,0%
intelipat,Broad Match #3,USD,24.25,0%
pyspark basics,Broad Match #3,USD,34.75,0%
python course fees in chennai,Broad Match #3,USD,42.21,0%
hadoop institute in marathahalli bangalore,Broad Match #3,USD,4.96,0%
hadoop material,Broad Match #3,USD,24.87,0%
bigdata on aws,Broad Match #3,USD,24.99,0%
cost of mind course jigsaw academy in chennai,Broad Match #3,USD,29.82,0%
software training uk,Broad Match #3,USD,30,0%
pyspark training in ameerpet,Broad Match #3,USD,34.57,0%
cloudxlab course,Broad Match #3,USD,92.23,0%
edureka bigdata hadoop reviews,Broad Match #3,USD,68.72,0%
python course in chennai,Broad Match #3,USD,60.68,0%
python training in chennai,Broad Match #3,USD,34.87,0%
python course in bangalore,Broad Match #3,USD,10.25,0%
python university ibm,Broad Match #3,USD,35,0%
cloudx lab,Broad Match #3,USD,29.51,0%
masters in bigdata,Broad Match #3,USD,34.93,0%
data engineer training in uppal hyderabad,Broad Match #3,USD,28.36,0%
datafalir,Broad Match #3,USD,29.78,0%
edureka credentials,Broad Match #3,USD,29.25,0%
data engineer online training,Broad Match #3,USD,34.87,0%
python coaching in bangalore,Broad Match #3,USD,55.24,0%
overview of Google python cluster,Broad Match #3,USD,58.76,0%
congnitive class ibm,Broad Match #3,USD,23.58,0%
end to end training apache pyspark,Broad Match #3,USD,34.27,0%
kya eligibility chahie msc data ke liye,Broad Match #3,USD,29.17,0%
python coaching centre bihar sharif,Broad Match #3,USD,21.52,0%
information about jigsaw academy in bangalore,Broad Match #3,USD,49.32,0%
inceptez technologies,Broad Match #3,USD,21.8,0%
vtu online e learning python analytics,Broad Match #3,USD,24.95,0%
qualification to learn haarop software,Broad Match #3,USD,18.38,0%
latest necessary courses for career similar to python,Broad Match #3,USD,23.99,0%
ibm python architect certification,Broad Match #3,USD,30,0%
python technologies,Broad Match #3,USD,24.9,0%
paras provision course data,Broad Match #3,USD,24.67,0%
data lake training,Broad Match #3,USD,24.51,0%
data lakes online course,Broad Match #3,USD,19.95,0%
python career,Broad Match #3,USD,33.03,0%
python online courses in tamil for beginners,Broad Match #3,USD,29.95,0%
python and hadoop jobs,Broad Match #3,USD,23.51,0%
python architect course,Broad Match #3,USD,24.89,0%
data analyst course,Broad Match #3,USD,24.58,0%
hadoop projects online training in hyderabad,Broad Match #3,USD,24.84,0%
real life python projects,Broad Match #3,USD,28.99,0%
big ata data analyst ayllabus,Broad Match #3,USD,24.38,0%
iNeuron bigdata trainers,Broad Match #3,USD,31.46,0%
python certification in canada,Broad Match #3,USD,29.81,0%
python analytics greatlearing,Broad Match #3,USD,34.84,0%
hadoop training near me,Broad Match #3,USD,7.55,0%
hadoop developer,Broad Match #3,USD,49.24,0%
learn python from scratch,Broad Match #3,USD,29.89,0%
data analyst online course from international college,Broad Match #3,USD,24.64,0%
nmims python analytics,Broad Match #3,USD,29.84,0%
best python training institutes in hyderabad,Broad Match #3,USD,35,0%
bigdataphysicsclasses,Broad Match #3,USD,63.29,0%
python training centres in hyderabad,Broad Match #3,USD,24.74,0%
python hadoop sample code,Broad Match #3,USD,29.76,0%
edureka,Broad Match #3,USD,23.64,0%
data engineering course in delhi,Broad Match #3,USD,24.48,0%
hadoop courses in bangalore,Broad Match #3,USD,8.9,0%
study python online,Broad Match #3,USD,29.11,0%
python course institute with 100 placements,Broad Match #3,USD,29.77,0%
best hadoop faculty for hadoop online,Broad Match #3,USD,25.4,0%
pyspark training by expert,Broad Match #3,USD,33.8,0%
python live projects,Broad Match #3,USD,19.99,0%
online courses data providers,Broad Match #3,USD,29.94,0%
i am not it backgroud willing to career in python,Broad Match #3,USD,28.57,0%
power bi course in chennai,Broad Match #3,USD,29.42,0%
gcp data engineering trainjng hyderabad,Broad Match #3,USD,22.96,0%
python intoduction course,Broad Match #3,USD,34.04,0%
data flair,Broad Match #3,USD,24.99,0%
python training in chennai,Broad Match #3,USD,0,0%
python course duration,Broad Match #3,USD,25.91,0%
python online training in bangalore,Broad Match #3,USD,24.89,0%
data engineering courses,Broad Match #3,USD,88.99,0%
go data training,Broad Match #3,USD,48.94,0%
sql online training,Broad Match #3,USD,35,0%
python hadoop certification training edureka,Broad Match #3,USD,29.97,0%
best institute to learn hadoop,Broad Match #3,USD,24.79,0%
udacity python program,Broad Match #3,USD,34.77,0%
best online site for python,Broad Match #3,USD,29.84,0%
data analyst course in lucknow,Broad Match #3,USD,34.6,0%
just below the python analytics,Broad Match #3,USD,22.4,0%
data analysis courses for mba students,Broad Match #3,USD,34.84,0%
python coursera module 1,Broad Match #3,USD,26.73,0%
edureka chennai,Broad Match #3,USD,23.75,0%
best data training with placement,Broad Match #3,USD,32.19,0%
cca 175 certification,Broad Match #3,USD,62.61,0%
python courses,Broad Match #3,USD,103.13,0%
mapreduce application classpath,Broad Match #3,USD,34.99,0%
time required to learn python,Broad Match #3,USD,24.29,0%
queries used in pyspark,Broad Match #3,USD,19.97,0%
python and hadoop development cource,Broad Match #3,USD,24.71,0%
data crunching course,Broad Match #3,USD,33.27,0%
python course which places in coimbatore,Broad Match #3,USD,49.02,0%
unacademy python course,Broad Match #3,USD,25.79,0%
python training in bangalore,Broad Match #3,USD,50,0%
apache pyspark applications,Broad Match #3,USD,19.89,0%
python in bits pilani,Broad Match #3,USD,24.25,0%
pyspark scala large projects github,Broad Match #3,USD,19.16,0%
content of python,Broad Match #3,USD,29.27,0%
python master simplilearn,Broad Match #3,USD,29.57,0%
edupristine python course fees,Broad Match #3,USD,30,0%
data analytics online courses in tamilnadu,Broad Match #3,USD,29.59,0%
what is python hadoop,Broad Match #3,USD,34.85,0%
data course for teachers,Broad Match #3,USD,28.87,0%
python intership in hydrabad,Broad Match #3,USD,25.58,0%
data analytics course in bangalore,Broad Match #3,USD,19.81,0%
ameerpet python training,Broad Match #3,USD,27.23,0%
python training in noida,Broad Match #3,USD,29.01,0%
hadoop training course content,Broad Match #3,USD,24.86,0%
best institute for bigdata in bangalore,Broad Match #3,USD,24.32,0%
python courses in hyderabad online,Broad Match #3,USD,29.55,0%
python latest updates,Broad Match #3,USD,23.63,0%
python hadoop cheat sheet,Broad Match #3,USD,24.98,0%
python bootcamp,Broad Match #3,USD,24.69,0%
prwatech,Broad Match #3,USD,24.76,0%
hadoop complete tutorial,Broad Match #3,USD,34.76,0%
data engineering course,Broad Match #3,USD,19.93,0%
hadoop course fees in pune,Broad Match #3,USD,34.51,0%
edureka tranning list,Broad Match #3,USD,34.02,0%
pg in python,Broad Match #3,USD,24.96,0%
bits pilani pg program in python engineering,Broad Match #3,USD,29,0%
best python certification for testers,Broad Match #3,USD,19.18,0%
zaloni hadoop training,Broad Match #3,USD,29.45,0%
can store very large amounts of data class 2,Broad Match #3,USD,17.38,0%
java data anlyst course fees in delhi,Broad Match #3,USD,34.21,0%
hadoop classes in pune,Broad Match #3,USD,28.36,0%
data entrycomputer course in rajouri garden and there fee,Broad Match #3,USD,18.85,0%
https data flair training blogs image processing with scipy and numpy,Broad Match #3,USD,29.83,0%
data analytics master program,Broad Match #3,USD,29.25,0%
itversity python,Broad Match #3,USD,26.22,0%
online hadoop,Broad Match #3,USD,34.99,0%
hadoop tutorial,Broad Match #3,USD,664.62,0%
loading data from oracle in pyspark 2.4,Broad Match #3,USD,20,0%
cloudxlab reviews,Broad Match #3,USD,29.72,0%
intellepat,Broad Match #3,USD,24.98,0%
best course institute in bangalore,Broad Match #3,USD,6.41,0%
python course near btm layout,Broad Match #3,USD,7.59,0%
data yraining image,Broad Match #3,USD,28.64,0%
python hadoop online training in hyderabad,Broad Match #3,USD,61.5,0%
analytics diploma course in kolkata in lower course fees,Broad Match #3,USD,19.19,0%
python computing full course,Broad Match #3,USD,29.99,0%
prwatech pune,Broad Match #3,USD,24.06,0%
hadoop training centers in madhapur hyderabad,Broad Match #3,USD,24.74,0%
data courses,Broad Match #3,USD,19.94,0%
hadoop course fees 2020,Broad Match #3,USD,19.82,0%
hadoop course details,Broad Match #3,USD,33.97,0%
acadglid,Broad Match #3,USD,34.06,0%
pyspark python tutorial,Broad Match #3,USD,34.85,0%
feedback for attending an online workshop on data analytics,Broad Match #3,USD,24.54,0%
bits pilani python pg program review,Broad Match #3,USD,28.57,0%
docker and kubernetes training in hyderabad,Broad Match #3,USD,64.94,0%
peer graded assignment coursera python,Broad Match #3,USD,33.05,0%
training radicaltechnologies co in,Broad Match #3,USD,34.57,0%
mongo db training in hyderabad,Broad Match #3,USD,27.83,0%
programs to learn for data analytics,Broad Match #3,USD,24.63,0%
pyspark sql tutorial,Broad Match #3,USD,15.52,0%
python engineer,Broad Match #3,USD,21.57,0%
hadoop hands on lab,Broad Match #3,USD,23.3,0%
trending python courses,Broad Match #3,USD,21.78,0%
pyspark training costs in bangalore,Broad Match #3,USD,23.09,0%
course conitive class certificate,Broad Match #3,USD,69.8,0%
simplilearn python course,Broad Match #3,USD,34.99,0%
python iit roorkee costing,Broad Match #3,USD,33.76,0%
iNeuron com,Broad Match #3,USD,94.43,0%
python hadoop interview questions,Broad Match #3,USD,14.51,0%
cognativeclasses,Broad Match #3,USD,29.12,0%
python architect skills,Broad Match #3,USD,24.67,0%
cloud python hyderabad,Broad Match #3,USD,28.19,0%
python course bangalore,Broad Match #3,USD,32.92,0%
python jobs for freshers,Broad Match #3,USD,24.76,0%
big 4 certificate course,Broad Match #3,USD,25,0%
iNeuron,Broad Match #3,USD,1704.43,0%
python foundation,Broad Match #3,USD,81.73,0%
python pg program,Broad Match #3,USD,29.46,0%
bihar sharif python physics class 12,Broad Match #3,USD,15.12,0%
python online courses in india,Broad Match #3,USD,59.67,0%
online courses in data storage with fee,Broad Match #3,USD,24.6,0%
greatlearning chennai,Broad Match #3,USD,24.05,0%
nural network data training,Broad Match #3,USD,34.22,0%
python python,Broad Match #3,USD,34.97,0%
lms iNeuron com,Broad Match #3,USD,34.69,0%
dataflair hadoop,Broad Match #3,USD,169.45,0%
python training in chennai,Broad Match #3,USD,35,0%
data course overview,Broad Match #3,USD,29.92,0%
dataflair reviews,Broad Match #3,USD,54,0%
apache pyspark training with placement,Broad Match #3,USD,34.43,0%
dat engineering courses in top institutes,Broad Match #3,USD,23.22,0%
python courses in india,Broad Match #3,USD,25.34,0%
python course in great lakes,Broad Match #3,USD,29.52,0%
simplilearn python engineer,Broad Match #3,USD,34.83,0%
iit roorkee python,Broad Match #3,USD,19.84,0%
python courses in bangalore,Broad Match #3,USD,18.4,0%
hadoop in real world,Broad Match #3,USD,33.48,0%
best python course in bangalore,Broad Match #3,USD,24.98,0%
python courses in chennai broadway,Broad Match #3,USD,31.25,0%
python iit bombay,Broad Match #3,USD,24.55,0%
hadoop email marketing course,Broad Match #3,USD,31.77,0%
data analyst course in marathahalli,Broad Match #3,USD,6.2,0%
python institutes in dlehi,Broad Match #3,USD,34.93,0%
pay after placement courses on python,Broad Match #3,USD,32.89,0%
python course details,Broad Match #3,USD,55.8,0%
hadoop training institutes in chennai india,Broad Match #3,USD,55.98,0%
python weekend courses,Broad Match #3,USD,17.03,0%
qlikview training in chennai,Broad Match #3,USD,29.96,0%
best online training for python in hyderabad,Broad Match #3,USD,24.05,0%
www techetraining,Broad Match #3,USD,27.86,0%
pyspark dataset project code,Broad Match #3,USD,19.79,0%
scala in python hadoop,Broad Match #3,USD,34.22,0%
understanding text analytics and python by www edureka com,Broad Match #3,USD,19.34,0%
python university,Broad Match #3,USD,21.91,0%
2 days course it,Broad Match #3,USD,24.29,0%
pythontutorial,Broad Match #3,USD,34.61,0%
cassandra online training,Broad Match #3,USD,19.81,0%
python questions paper with solution,Broad Match #3,USD,34.79,0%
data architect course online,Broad Match #3,USD,34.37,0%
best institutes for bigdata,Broad Match #3,USD,58.88,0%
python training hyderabad,Broad Match #3,USD,34.99,0%
masters in python,Broad Match #3,USD,29.94,0%
deta sciens courses in pune,Broad Match #3,USD,25,0%
python 101,Broad Match #3,USD,27.66,0%
hadoop training websie,Broad Match #3,USD,24.99,0%
python training online india,Broad Match #3,USD,24.94,0%
python analytics,Broad Match #3,USD,34.36,0%
edulab learn complete data analytics with python,Broad Match #3,USD,29.73,0%
bigdata pyspark course in ameerpet,Broad Match #3,USD,29.79,0%
python tools,Broad Match #3,USD,34.88,0%
taming hadoop,Broad Match #3,USD,29.2,0%
apache pyspark and scala certification,Broad Match #3,USD,34.96,0%
cloudxlab,Broad Match #3,USD,430.21,0%
top 20 python courses,Broad Match #3,USD,34.32,0%
python training in australia,Broad Match #3,USD,25.83,0%
databricks certification training,Broad Match #3,USD,24.93,0%
python and analytics seema acharya subhashini chellappan infosys limited publication wiley india private limited 1st edition 2,Broad Match #3,USD,21.32,0%
curso en ciencia de datos online gratis,Two Words R,USD,22.79,0%
sujets de mémoire de master 2 python orienté analyse de données,Broad Match,USD,19.84,0%
kursus data science online,Two Words R,USD,30,0%
data,AdGroup #1,USD,4.12,0%
short course in data analytics and their fees in rands,Broad Match,USD,28.8,0%
soft course data scientist,Broad Match,USD,24.96,0%
wbt python,Broad Match,USD,29.86,0%
i want to learn python,Broad Match,USD,24.21,0%
pyspark,AdGroup #1,USD,1.17,0%
data engineer full course,Broad Match,USD,29.01,0%
data scientist online scholarship,Two Words R,USD,40,0%
data analyst course in sri lanka,Broad Match,USD,14.5,0%
python in disease diagnosis,AdGroup #1,USD,0.17,0%
coursera python 101,Broad Match,USD,29.78,0%
making a scatter chart in excel using python,AdGroup #1,USD,0.01,0%
python concept,AdGroup #1,USD,0.05,0%
total students of data university,Broad Match,USD,12.21,0%
curso python online gratis,Two Words R,USD,19.85,0%
python certification in zimbabwe,Broad Match,USD,20,0%
master in data science gratis online,Two Words R,USD,49.33,0%
diploma data analytics online,Two Words R,USD,24.7,0%
python online course,Two Words R,USD,38.86,0%
post graduate diploma on python in bangladesh,Broad Match,USD,24.96,0%
python engineer online certificate,Two Words R,USD,25.91,0%
formation en ligne gratuite python,Broad Match,USD,29.79,0%
certificacion python online gratis,Two Words R,USD,30,0%
data available online,Two Words R,USD,33.53,0%
mba python management,Broad Match,USD,40,0%
python course,Broad Match,USD,72.65,0%
online python course,Two Words R,USD,24.8,0%
div class li profile badge data version v1 data size medium data locale fr_fr data type horizontal data theme light data vanity,Broad Match,USD,12.22,0%
python university,Broad Match,USD,24.21,0%
cheap online course on python analytics,Two Words R,USD,39.63,0%
python analysis course in bangladesh,Broad Match,USD,20,0%
data analytics courses in sri lanka,Broad Match,USD,15,0%
good comment on python trainer,Broad Match #3,USD,60.94,0%
pyspark classes,Broad Match #3,USD,29.21,0%
data analytics course near me,Broad Match #3,USD,25.42,0%
best python course,Broad Match #3,USD,29.93,0%
hadoop pyspark course in bangalore,Broad Match #3,USD,6.95,0%
www iNeuron com,Broad Match #3,USD,67.82,0%
science data course,Broad Match,USD,24.96,0%
Google hadoop cours,Broad Match,USD,24.67,0%
online large scale database management system quiz,Two Words R,USD,37.23,0%
what is python in hindi,AdGroup #1,USD,0.18,0%
data analytics training courses,Broad Match,USD,19.85,0%
data scientist online,Two Words R,USD,24.02,0%
introduction to python,Broad Match,USD,54.98,0%
course content assessment attempt menu teste avaliação on line 5 aol 5 questionário avaliação on line 5 aol 5 questionário,Broad Match,USD,29.37,0%
les outils bigdata,Broad Match,USD,29.78,0%
python online training,Three Words R,USD,40,0%
types of python,Broad Match,USD,21.94,0%
what is data scientost master class,Broad Match,USD,23.61,0%
penerapan python pada media online,Two Words R,USD,20,0%
kursus python binus alam suter,Broad Match,USD,9.87,0%
comment installer hadoop sur windows 10,AdGroup #1,USD,0.31,0%
cursos de python gratis en español online,Three Words R,USD,29.24,0%
python learning,Broad Match,USD,24.69,0%
python engineer course,Broad Match,USD,30,0%
python udemy,Broad Match,USD,25.25,0%
python login,Broad Match,USD,26.72,0%
online mentors on python analytics,Two Words R,USD,49.16,0%
data analyst online courses,Two Words R,USD,38.1,0%
python stock,AdGroup #1,USD,0.12,0%
sumit python,AdGroup #1,USD,0.58,0%
python тема за 10 класс,Broad Match,USD,15,0%
online courses for data science,Three Words R,USD,50,0%
python eğitimi online,Two Words R,USD,39.09,0%
python polytechnic,Broad Match,USD,22.69,0%
data analysis courses,Broad Match,USD,60,0%
python hadoop 2 minutes topic speech in english,Broad Match #3,USD,19.46,0%
python with hadoop,Broad Match #3,USD,69.3,0%
scala training in bangalore,Broad Match #3,USD,17.91,0%
python labs online,Broad Match #3,USD,34.95,0%
learn python and hadoop from scratch,Broad Match #3,USD,29.85,0%
python certification,Broad Match #3,USD,23.85,0%
python developer,Broad Match #3,USD,28.88,0%
python course in chennai,Broad Match #3,USD,26.93,0%
data flair training django,Broad Match #3,USD,28.21,0%
cdac python linkedin,Broad Match #3,USD,25.58,0%
iNeuron reviews,Broad Match #3,USD,52.46,0%
python software,Broad Match #3,USD,24.56,0%
minimum qualifications for learning python,Broad Match #3,USD,34.33,0%
python training in pune,Broad Match #3,USD,70,0%
a training program with fee 1000 dollars quora com,Broad Match #3,USD,24.84,0%
python institute in bangalore,Broad Match #3,USD,5.46,0%
python course fees in chennai,Broad Match #3,USD,26.78,0%
data analyst course eligibility,Broad Match #3,USD,34.56,0%
apache pyspark training in bangalore,Broad Match #3,USD,8.76,0%
cipet 3 month courses 2020,Broad Match #3,USD,29.04,0%
kelly technologies courses,Broad Match #3,USD,22.35,0%
ibm courses,Broad Match #3,USD,23.4,0%
scala training in hyderabad,Broad Match #3,USD,19.48,0%
web mining and python mca syllabus,Broad Match #3,USD,23.89,0%
third class of analytics for all master the basics of analytics in 5 days session is starting in 5www gs im n qjavq5catum,Broad Match #3,USD,30.49,0%
best python hadoop pyspark training,Broad Match #3,USD,16.85,0%
good apache pyspark classes,Broad Match #3,USD,22.92,0%
python training in chennai academy,Broad Match #3,USD,19.87,0%
hadoop training with placement,Broad Match #3,USD,34.2,0%
hadoop starter kit,Broad Match #3,USD,24.67,0%
hadoop pass,Broad Match #3,USD,9.82,0%
data analyst training with job guarantee,Broad Match #3,USD,23.37,0%
python hadoop institute bangalore marathahalli list,Broad Match #3,USD,7.61,0%
an example of visualizing python is,Broad Match #3,USD,22.12,0%
hadoop 1 architecture,Broad Match #3,USD,22.45,0%
coaching centres of python and placement in bangalore,Broad Match #3,USD,10.38,0%
top python institutes in hyderabad,Broad Match #3,USD,30,0%
cv for cse python student,Broad Match #3,USD,22.19,0%
python edureka,Broad Match #3,USD,24.98,0%
python online course fee,Broad Match #3,USD,34.18,0%
learn python,new ad group,USD,12.57,0%
course in python analytics,new ad group,USD,30,0%
python analytics course syllabus,new ad group,USD,29,0%
python analysis course in sri lanka,new ad group,USD,38.15,0%
data scientist training experience online,Two Words R,USD,38.74,0%
python school киевстар,Broad Match,USD,29.77,0%
máster en python online,Two Words R,USD,29.78,0%
map reduce technique in python,AdGroup #1,USD,0.19,0%
best data science online courses in the world,Two Words R,USD,49.53,0%
python hadoop certification,Broad Match,USD,14.79,0%
data analytcs courses in summmer,Broad Match,USD,20,0%
formation en ligne python,Broad Match,USD,23.45,0%
data engineer course,Broad Match,USD,30,0%
python ragnarok online,Two Words R,USD,49.92,0%
cours python et machine learning cousera,Broad Match,USD,29.84,0%
a amado p cortez p rita and s moro research trends on python in marketing a text mining and topic modeling based literature an,Two Words R,USD,29.78,0%
data analyst course,Broad Match,USD,25,0%
online statistical tools for data analysis,Two Words R,USD,40,0%
pelatihan python,Broad Match,USD,15,0%
kursus python jogja,Broad Match,USD,10,0%
data engineer online certification,Two Words R,USD,39.74,0%
hadoop,Broad Match,USD,20,0%
master program in python,Broad Match,USD,30,0%
python cours,Broad Match,USD,44.85,0%
python courses online,Two Words R,USD,9.12,0%
les base du python introduction,Broad Match,USD,29.78,0%
python online certification,Two Words R,USD,39.63,0%
python and hadoop online course,Two Words R,USD,30,0%
https unccelearn org login confirm php data ib1qa2ealednjpp massalbaye,Broad Match,USD,28.96,0%
le python 60 secondes pour comprendre,AdGroup #1,USD,0.85,0%
data scientist course in karachi,Broad Match,USD,24.96,0%
best sql course,Broad Match,USD,20,0%
les cours basses de données bigdata,Broad Match,USD,15,0%
data scientist curso online,Two Words R,USD,40,0%
curso online python gratuito,Two Words R,USD,95.64,0%
hadoop tutorial,Broad Match,USD,29.78,0%
udemy best python courses,Broad Match,USD,29.97,0%
python in medicine distant courses,Broad Match,USD,29.86,0%
python short term training with full funding 2020,Broad Match,USD,15,0%
scoop hadoop,AdGroup #1,USD,0.29,0%
curso online gratis python,Two Words R,USD,29.77,0%
learn bigdata,Broad Match,USD,24.85,0%
curso de cientista de dados online gratis,Two Words R,USD,29.99,0%
python analysis lecture,Broad Match,USD,24.21,0%
python curso online,Two Words R,USD,39.49,0%
learn python,Broad Match,USD,25,0%
étude de cas exemple python,Broad Match,USD,29.03,0%
python ที่ไหน เปิด สอน online ฟรี,Two Words R,USD,38.1,0%
power of a data analytics,Broad Match,USD,29.72,0%
classification of python in cloud computing,Broad Match,USD,24.69,0%
on line ourse on data analysis genomic selection,Two Words R,USD,78.94,0%
data structure mit open course,Broad Match,USD,29.5,0%
python prerequisite,Broad Match,USD,15,0%
cloud computing python training online courses,Two Words R,USD,77.48,0%
data analysis courses online,Two Words R,USD,29.72,0%
python course fees,Broad Match,USD,20,0%
the human face of python online latino,Two Words R,USD,29.01,0%
pyspark ar tutorial,AdGroup #1,USD,2.16,0%
python analytics online courses,Three Words R,USD,40,0%
python analist course,Broad Match,USD,27.49,0%
cursos de python gratis online,Two Words R,USD,29.75,0%
python study,Broad Match,USD,20,0%
online course to learn data analysis to use in construction field,Two Words R,USD,30,0%
pyspark show light,Broad Match #3,USD,19.8,0%
best hadoop books,Broad Match #3,USD,26.28,0%
analytixlabs,Broad Match #3,USD,27.32,0%
analytics training institute,Broad Match #3,USD,69.4,0%
online hadoop courses,Broad Match #3,USD,29.02,0%
rg apache hadoop ipc remoteexception org apache hadoop ipc standbyexception,Broad Match #3,USD,29.6,0%
dataflair courses,Broad Match #3,USD,30.77,0%
is python related to coding,Broad Match #3,USD,29.76,0%
hadoop online training,Broad Match #3,USD,29.99,0%
python training with placement,Broad Match #3,USD,34.12,0%
simplilearn master in digital marketing course review,Broad Match #3,USD,29.46,0%
data analytics subjects,Broad Match #3,USD,24.68,0%
hadoop certification,Broad Match #3,USD,49.74,0%
institutes universities in delhi offering online data genomics course,Broad Match #3,USD,41.52,0%
learn apache pyspark step by step guide,Broad Match #3,USD,19.12,0%
python architect,Broad Match #3,USD,28.59,0%
emcdsa certification cost,Broad Match #3,USD,24.85,0%
google data engineer course,Broad Match #3,USD,28.33,0%
python online course in iit delhi,Broad Match #3,USD,24.78,0%
ivy pro school course details,Broad Match #3,USD,34.77,0%
python course online,Broad Match #3,USD,21.79,0%
rahul khati hadoop training,Broad Match #3,USD,29.95,0%
pyspark scala training hyderabad,Broad Match #3,USD,27.24,0%
dataflair python,Broad Match #3,USD,22.75,0%
python101,Broad Match #3,USD,32.29,0%
python hadoop job opportunities,Broad Match #3,USD,14.23,0%
python hadoop solutions,Broad Match #3,USD,24.61,0%
keyskills ofhadoop adminstartor,Broad Match #3,USD,20.87,0%
python courses near me,Broad Match #3,USD,53.1,0%
iguru learning,Broad Match #3,USD,58.19,0%
apache presto certification trining,Broad Match #3,USD,24.95,0%
python training in hyderabad,Broad Match #3,USD,34.98,0%
best hadoop training in bangalore,Broad Match #3,USD,5.9,0%
python denotes the large volume of several kinds of _ that changes ina a rapid,Broad Match #3,USD,20.64,0%
python technology,Broad Match #3,USD,50.19,0%
name one of the drivers of volume in the python,Broad Match #3,USD,28.9,0%
python course fee,Broad Match #3,USD,29.55,0%
iNeuron courses,Broad Match #3,USD,22.75,0%
which of the following is an example of python utilized in action today,Broad Match #3,USD,24.85,0%
coursera python week 3,Broad Match #3,USD,19.98,0%
python coursera project title,Broad Match #3,USD,34.67,0%
acadgild,Broad Match #3,USD,119.43,0%
multiple choice quesy in data analytics,Broad Match #3,USD,24.63,0%
python courses in canada universities,Broad Match #3,USD,29.97,0%
hadoop online training in hyderabad,Broad Match #3,USD,59.5,0%
python course for beginners,Broad Match #3,USD,29.28,0%
python and hadoop,Broad Match #3,USD,158.04,0%
python hadoop training in kolkata,Broad Match #3,USD,39.46,0%
best python training near me,Broad Match #3,USD,34.79,0%
is i b m conduct data learning course on line,Broad Match #3,USD,21.9,0%
hadoop dataflair,Broad Match #3,USD,34.38,0%
top python courses in india,Broad Match #3,USD,29.91,0%
bigdatacoursespro,Broad Match #3,USD,29.28,0%
top 10 analytics institutes in banglore,Broad Match #3,USD,25.21,0%
pyspark training in bangalore,Broad Match #3,USD,41.1,0%
draw the framework of bigdata analytic,Broad Match #3,USD,23.57,0%
simplilearn python masters programme,Broad Match #3,USD,59.48,0%
hadoop certification cost,Broad Match #3,USD,34.13,0%
python training in bangkok,Broad Match #3,USD,34.95,0%
hdpcd certification,Broad Match #3,USD,20.6,0%
python training in ameerpet hyderabad,Broad Match #3,USD,22.78,0%
intellepaat,Broad Match #3,USD,21.33,0%
python training,Broad Match #3,USD,129.24,0%
hardoop courses,Broad Match #3,USD,49.56,0%
python simplilearn,Broad Match #3,USD,34.49,0%
python hadoop course in bangalore,Broad Match #3,USD,14.56,0%
online classes for python in bangalore,Broad Match #3,USD,34.82,0%
python architect online training hyderabad,Broad Match #3,USD,28.54,0%
geoinsyssoft,Broad Match #3,USD,28.96,0%
python startups,Broad Match #3,USD,29.42,0%
Google certification,Broad Match #3,USD,29.24,0%
mitx online courses,Broad Match #3,USD,24.72,0%
data course online,Broad Match #3,USD,59.37,0%
python hadoop institute,Broad Match #3,USD,23.09,0%
python course in hyderabad,Broad Match #3,USD,24.79,0%
mapr academy,Broad Match #3,USD,23.25,0%
pyspark certification 2020,Broad Match #3,USD,29.12,0%
which of the following is not part of the 3 big v's of python in data science,Broad Match #3,USD,24.51,0%
trendytech best python hadoop pyspark training,Broad Match #3,USD,25.89,0%
best coaching institutes for python in ameerpet,Broad Match #3,USD,23.22,0%
python hadoop training report,Broad Match #3,USD,23.86,0%
python certification course,Broad Match #3,USD,24.74,0%
prerequisites to learn python,Broad Match #3,USD,24.83,0%
best coaching centre to do bigdata online,Broad Match #3,USD,68.96,0%
when is the last date to complete digital vidya learnathone python,Broad Match #3,USD,20.65,0%
databricks training,Broad Match #3,USD,24.38,0%
python tutorial,Broad Match #3,USD,264.2,0%
inspecs velachery bigdaa training chennai,Broad Match #3,USD,34.82,0%
hadoop training in delhi,Broad Match #3,USD,29.97,0%
hadoop software claases,Broad Match #3,USD,57.02,0%
cloudx lab course certification acknowledge by which international firms universities,Broad Match #3,USD,22.83,0%
python training with job guarantee,Broad Match #3,USD,34.17,0%
python course when to study,Broad Match #3,USD,33.89,0%
hadoop simplilearn,Broad Match #3,USD,29.63,0%
pgp in python engineering,Broad Match #3,USD,32.26,0%
is there any college helping for learning bigdata,Broad Match #3,USD,15.16,0%
edvancer,Broad Match #3,USD,34.35,0%
python regular course in bangalore,Broad Match #3,USD,34.84,0%
steps of learning python,Broad Match #3,USD,28.26,0%
Google course benefits,Broad Match #3,USD,31.78,0%
python full time course offered by engg colleges in omr,Broad Match #3,USD,29.98,0%
hadoop training in bangalore,Broad Match #3,USD,75.11,0%
python training in bangalore,Broad Match #3,USD,52.19,0%
Google certification courses in python,Broad Match #3,USD,30,0%
linux and kubernetes training in hyderabad,Broad Match #3,USD,26.99,0%
python study groups,Broad Match #3,USD,19.4,0%
python by iit,Broad Match #3,USD,18.34,0%
python training institute in tirupati,Broad Match #3,USD,22.74,0%
iNeuron bangalore,Broad Match #3,USD,19.21,0%
hiw to orovide hadoop training,Broad Match #3,USD,34.84,0%
python with c++ sample programs,Broad Match #3,USD,23.34,0%
python courses in india,Broad Match #3,USD,24.95,0%
what is python analysis,Broad Match #3,USD,34.94,0%
best python engineer institute in india eligibility,Broad Match #3,USD,29.94,0%
data hacking course,Broad Match #3,USD,24.66,0%
pg diploma in python hadoop in bangalore,Broad Match #3,USD,29.9,0%
data analytics course with placement,Broad Match #3,USD,49.42,0%
pyspark tutorial,Broad Match #3,USD,19.2,0%
python training and placement in hyderabad,Broad Match #3,USD,115.37,0%
intellipat,Broad Match #3,USD,54.97,0%
iit roorkee bigdata,Broad Match #3,USD,29.82,0%
hadoop training classes,Broad Match #3,USD,29.67,0%
python study topics,Broad Match #3,USD,25,0%
bigdata pdg ameerpet,Broad Match #3,USD,12.49,0%
certified analytics professional course,Broad Match #3,USD,24.17,0%
python fundamentals,Broad Match #3,USD,93.35,0%
jigsaw academy courses,Broad Match #3,USD,24.92,0%
dataframe pyspark sql,Broad Match #3,USD,19.64,0%
courses which would help in hadoop,Broad Match #3,USD,34.61,0%
12 pass data analysis course,Broad Match #3,USD,32.94,0%
data analytics in data acadamy in thiruvanthapuram,Broad Match #3,USD,59.64,0%
ivyproschool,Broad Match #3,USD,32.35,0%
bigdata live sessions,Broad Match #3,USD,24.6,0%
data scienctist best institute in indore,Broad Match #3,USD,16.41,0%
data pipeline classes online,Broad Match #3,USD,34.72,0%
data analysis courses,Broad Match #3,USD,34.97,0%
python courses,Broad Match #3,USD,208.71,0%
python udemy,Broad Match #3,USD,34.97,0%
iNeuron community,Broad Match #3,USD,18.84,0%
hadoop tutorial for beginners in hindi,Broad Match #3,USD,33.18,0%
which course is best for python storahe,Broad Match #3,USD,59.78,0%
distance learning pgdm python,Broad Match #3,USD,34.95,0%
intro to hadoop,Broad Match #3,USD,34.04,0%
amity python answer,Broad Match #3,USD,22.35,0%
javatpoint hadoop tutorial,Broad Match #3,USD,29.4,0%
online it training institutes in india,Broad Match #3,USD,23.42,0%
python tutorial for beginners,Broad Match #3,USD,20.52,0%
Google certification cost,Broad Match #3,USD,24.68,0%
azure data lake training,Broad Match #3,USD,24.9,0%
